# 01 ==========================================================================================;;;;;;
# 02 tracciato record: ( separatore tra campi ==> ; ) non sono ammessi caratteri spazio nei campi);;;;;
# 03 ==========================================================================================;;;;;;
# 04 DB; type ; Application ; Connection ; Database ; Owner ; Table 
# 05 ==========================================================================================;;;;;;
# 06 DB          = Valore fisso che identifica la riga dati, a partire dal primo carattere;;;;;;
# 07 type        = [sql] oppure [ora] per individuare la tipologia di database;;;;;;
# 08 Application = Codice applicazione;;;;;;
# 09 Connection  = Connessione al database;;;;;;
# 10 Database    = Nome database;;;;;;
# 11 Owner       = Nome schema;;;;;;
# 12 Table       = Nome tabella;;;;;;
# 13 ==========================================================================================;;;;;;
DB; type ; Application ; Connection ; Database ; Owner ; Table 
DB ; sql ; CONTROLLI_A_DISTANZA ; IN01CC2C-7\CAD99C1S,1453 ; CAD_MODELLO ; dbo ; F_ANTICIPO_FATTURE
DB ; sql ; CONTROLLI_A_DISTANZA ; IN01CC2C-7\CAD99C1S,1453 ; CAD_MODELLO ; dbo ; F_BONIFICI
DB ; sql ; CONTROLLI_A_DISTANZA ; IN01CC2C-7\CAD99C1S,1453 ; CAD_MODELLO ; dbo ; F_CASSETTE_SICUREZZA
DB ; sql ; CONTROLLI_A_DISTANZA ; IN01CC2C-7\CAD99C1S,1453 ; CAD_MODELLO ; dbo ; F_EVENTI_TITOLI
DB ; sql ; CONTROLLI_A_DISTANZA ; IN01CC2C-7\CAD99C1S,1453 ; CAD_MODELLO ; dbo ; F_INVENT_CF
DB ; sql ; CONTROLLI_A_DISTANZA ; IN01CC2C-7\CAD99C1S,1453 ; CAD_MODELLO ; dbo ; F_MANDATI_GPM
DB ; sql ; CONTROLLI_A_DISTANZA ; IN01CC2C-7\CAD99C1S,1453 ; CAD_MODELLO ; dbo ; F_MOVIMENTI_SPORTELLO
DB ; sql ; CONTROLLI_A_DISTANZA ; IN01CC2C-7\CAD99C1S,1453 ; CAD_MODELLO ; dbo ; F_MOVIMENTI_SPORTELLO_PUBBLICO_UFFICIALE
DB ; sql ; CONTROLLI_A_DISTANZA ; IN01CC2C-7\CAD99C1S,1453 ; CAD_MODELLO ; dbo ; F_MOVIMENTI_SPORTELLO_ULTIMO_MESE
DB ; sql ; CONTROLLI_A_DISTANZA ; IN01CC2C-7\CAD99C1S,1453 ; CAD_MODELLO ; dbo ; F_MOVIMENTI_TITOLI_NEGOZIAZIONE
DB ; sql ; CONTROLLI_A_DISTANZA ; IN01CC2C-7\CAD99C1S,1453 ; CAD_MODELLO ; dbo ; F_RAPPORTI_MUTUI
DB ; sql ; CONTROLLI_A_DISTANZA ; IN01CC2C-7\CAD99C1S,1453 ; CAD_MODELLO ; dbo ; F_RISCHIO_INCASSI_DEBITORI
DB ; sql ; CONTROLLI_A_DISTANZA ; IN01CC2C-7\CAD99C1S,1453 ; CAD_MODELLO ; dbo ; F_SALDI_TITOLI_NEGOZIAZIONE
DB ; sql ; CONTROLLI_A_DISTANZA ; IN01CC2C-7\CAD99C1S,1453 ; CAD_MODELLO ; dbo ; F_SOSPESI_CONTABILITA
DB ; sql ; CONTROLLI_A_DISTANZA ; IN01CC2C-7\CAD99C1S,1453 ; CAD_MODELLO ; dbo ; L_ANAGRAFE_DIPENDENTE
DB ; sql ; CONTROLLI_A_DISTANZA ; IN01CC2C-7\CAD99C1S,1453 ; CAD_MODELLO ; dbo ; L_ANAGRAFE_NDG
DB ; sql ; CONTROLLI_A_DISTANZA ; IN01CC2C-7\CAD99C1S,1453 ; CAD_MODELLO ; dbo ; L_ANAGRAFE_NDG_DATIAGG
DB ; sql ; CONTROLLI_A_DISTANZA ; IN01CC2C-7\CAD99C1S,1453 ; CAD_MODELLO ; dbo ; L_ANAGRAFE_NDG_RATING
DB ; sql ; CONTROLLI_A_DISTANZA ; IN01CC2C-7\CAD99C1S,1453 ; CAD_MODELLO ; dbo ; L_ANAGRAFE_NDG_UPD
DB ; sql ; CONTROLLI_A_DISTANZA ; IN01CC2C-7\CAD99C1S,1453 ; CAD_MODELLO ; dbo ; L_ANAGRAFE_OPERATORE
DB ; sql ; CONTROLLI_A_DISTANZA ; IN01CC2C-7\CAD99C1S,1453 ; CAD_MODELLO ; dbo ; L_ANAGRAFE_OPERATORE_STORICO
DB ; sql ; CONTROLLI_A_DISTANZA ; IN01CC2C-7\CAD99C1S,1453 ; CAD_MODELLO ; dbo ; L_CARTE_MASSIMALI
DB ; sql ; CONTROLLI_A_DISTANZA ; IN01CC2C-7\CAD99C1S,1453 ; CAD_MODELLO ; dbo ; L_DOSSIER
DB ; sql ; CONTROLLI_A_DISTANZA ; IN01CC2C-7\CAD99C1S,1453 ; CAD_MODELLO ; dbo ; L_ENTE_EMITTENTE
DB ; sql ; CONTROLLI_A_DISTANZA ; IN01CC2C-7\CAD99C1S,1453 ; CAD_MODELLO ; dbo ; L_GESTORE_NDG
DB ; sql ; CONTROLLI_A_DISTANZA ; IN01CC2C-7\CAD99C1S,1453 ; CAD_MODELLO ; dbo ; L_PRATICHE_ICC_INCAGLI
DB ; sql ; CONTROLLI_A_DISTANZA ; IN01CC2C-7\CAD99C1S,1453 ; CAD_MODELLO ; dbo ; L_PUNTEGGIO_GIANOS
DB ; sql ; CONTROLLI_A_DISTANZA ; IN01CC2C-7\CAD99C1S,1453 ; CAD_MODELLO ; dbo ; L_PUNTEGGIO_GIANOS_GIORNALIERO
DB ; sql ; CONTROLLI_A_DISTANZA ; IN01CC2C-7\CAD99C1S,1453 ; CAD_MODELLO ; dbo ; L_RAPPORTO
DB ; sql ; CONTROLLI_A_DISTANZA ; IN01CC2C-7\CAD99C1S,1453 ; CAD_MODELLO ; dbo ; L_RAPPORTO_COMPRAVENDITA_DOSSIER
DB ; sql ; CONTROLLI_A_DISTANZA ; IN01CC2C-7\CAD99C1S,1453 ; CAD_MODELLO ; dbo ; L_RAPPORTO_FIDO
DB ; sql ; CONTROLLI_A_DISTANZA ; IN01CC2C-7\CAD99C1S,1453 ; CAD_MODELLO ; dbo ; L_RAPPORTO_STORICO
DB ; sql ; CONTROLLI_A_DISTANZA ; IN01CC2C-7\CAD99C1S,1453 ; CAD_MODELLO ; dbo ; L_RAPPORTO_UPD
DB ; sql ; CONTROLLI_A_DISTANZA ; IN01CC2C-7\CAD99C1S,1453 ; CAD_MODELLO ; dbo ; L_RISCHIO_TITOLO
DB ; sql ; CONTROLLI_A_DISTANZA ; IN01CC2C-7\CAD99C1S,1453 ; CAD_MODELLO ; dbo ; L_SOCIETA_RATING
DB ; sql ; CONTROLLI_A_DISTANZA ; IN01CC2C-7\CAD99C1S,1453 ; CAD_MODELLO ; dbo ; L_TITOLO
DB ; sql ; CONTROLLI_A_DISTANZA ; IN01CC2C-7\CAD99C1S,1453 ; CAD_MODELLO ; dbo ; LOG_ERRORI_CARICAMENTO
DB ; sql ; CONTROLLI_A_DISTANZA ; IN01CC2C-7\CAD99C1S,1453 ; CAD_MODELLO ; dbo ; MSTR_B0001
DB ; sql ; CONTROLLI_A_DISTANZA ; IN01CC2C-7\CAD99C1S,1453 ; CAD_MODELLO ; dbo ; RM_EVIDENZE
DB ; sql ; CONTROLLI_A_DISTANZA ; IN01CC2C-7\CAD99C1S,1453 ; CAD_MODELLO ; dbo ; RM_EVIDENZE_STORICO
DB ; sql ; CONTROLLI_A_DISTANZA ; IN01CC2C-7\CAD99C1S,1453 ; CAD_MODELLO ; dbo ; RM_MSTR_BULK_B0001
DB ; sql ; CONTROLLI_A_DISTANZA ; IN01CC2C-7\CAD99C1S,1453 ; CAD_MODELLO ; dbo ; RM_MSTR_BULK_B0005
DB ; sql ; CONTROLLI_A_DISTANZA ; IN01CC2C-7\CAD99C1S,1453 ; CAD_MODELLO ; dbo ; RM_MSTR_BULK_B0008
DB ; sql ; CONTROLLI_A_DISTANZA ; IN01CC2C-7\CAD99C1S,1453 ; CAD_MODELLO ; dbo ; RM_MSTR_BULK_B0101
DB ; sql ; CONTROLLI_A_DISTANZA ; IN01CC2C-7\CAD99C1S,1453 ; CAD_MODELLO ; dbo ; RM_MSTR_BULK_B0102
DB ; sql ; CONTROLLI_A_DISTANZA ; IN01CC2C-7\CAD99C1S,1453 ; CAD_MODELLO ; dbo ; RM_MSTR_BULK_B0103
DB ; sql ; CONTROLLI_A_DISTANZA ; IN01CC2C-7\CAD99C1S,1453 ; CAD_MODELLO ; dbo ; RM_MSTR_BULK_B0104
DB ; sql ; CONTROLLI_A_DISTANZA ; IN01CC2C-7\CAD99C1S,1453 ; CAD_MODELLO ; dbo ; RM_MSTR_BULK_B0204
DB ; sql ; CONTROLLI_A_DISTANZA ; IN01CC2C-7\CAD99C1S,1453 ; CAD_MODELLO ; dbo ; RM_MSTR_BULK_D0001
DB ; sql ; CONTROLLI_A_DISTANZA ; IN01CC2C-7\CAD99C1S,1453 ; CAD_MODELLO ; dbo ; RM_MSTR_BULK_E0001
DB ; sql ; CONTROLLI_A_DISTANZA ; IN01CC2C-7\CAD99C1S,1453 ; CAD_MODELLO ; dbo ; RM_MSTR_BULK_F0023
DB ; sql ; CONTROLLI_A_DISTANZA ; IN01CC2C-7\CAD99C1S,1453 ; CAD_MODELLO ; dbo ; T_ANAGRAFE_DIPENDENTE
DB ; sql ; CONTROLLI_A_DISTANZA ; IN01CC2C-7\CAD99C1S,1453 ; CAD_MODELLO ; dbo ; T_ANAGRAFE_NDG
DB ; sql ; CONTROLLI_A_DISTANZA ; IN01CC2C-7\CAD99C1S,1453 ; CAD_MODELLO ; dbo ; T_DOSSIER
DB ; sql ; CONTROLLI_A_DISTANZA ; IN01CC2C-7\CAD99C1S,1453 ; CAD_MODELLO ; dbo ; T_ENTE_EMITTENTE
DB ; sql ; CONTROLLI_A_DISTANZA ; IN01CC2C-7\CAD99C1S,1453 ; CAD_MODELLO ; dbo ; T_GESTORE_NDG
DB ; sql ; CONTROLLI_A_DISTANZA ; IN01CC2C-7\CAD99C1S,1453 ; CAD_MODELLO ; dbo ; T_MOVIMENTI_TITOLI_NEGOZIAZIONE
DB ; sql ; CONTROLLI_A_DISTANZA ; IN01CC2C-7\CAD99C1S,1453 ; CAD_MODELLO ; dbo ; T_RAPPORTO
DB ; sql ; CONTROLLI_A_DISTANZA ; IN01CC2C-7\CAD99C1S,1453 ; CAD_MODELLO ; dbo ; T_SALDI_TITOLI_NEGOZIAZIONE
DB ; sql ; CONTROLLI_A_DISTANZA ; IN01CC2C-7\CAD99C1S,1453 ; CAD_MODELLO ; dbo ; T_TITOLO
DB ; sql ; CONTROLLI_A_DISTANZA ; IN01CC2C-7\CAD99C1S,1453 ; CAD_MODELLO ; dbo ; WL1_ANAGRAFE_DIPENDENTE
DB ; sql ; CONTROLLI_A_DISTANZA ; IN01CC2C-7\CAD99C1S,1453 ; CAD_MODELLO ; dbo ; WL1_ANAGRAFE_NDG
DB ; sql ; CONTROLLI_A_DISTANZA ; IN01CC2C-7\CAD99C1S,1453 ; CAD_MODELLO ; dbo ; WL1_ANAGRAFICA_GESTORE
DB ; sql ; CONTROLLI_A_DISTANZA ; IN01CC2C-7\CAD99C1S,1453 ; CAD_MODELLO ; dbo ; WL1_ANTB17
DB ; sql ; CONTROLLI_A_DISTANZA ; IN01CC2C-7\CAD99C1S,1453 ; CAD_MODELLO ; dbo ; WL1_ANTB21
DB ; sql ; CONTROLLI_A_DISTANZA ; IN01CC2C-7\CAD99C1S,1453 ; CAD_MODELLO ; dbo ; WL1_ANTB73
DB ; sql ; CONTROLLI_A_DISTANZA ; IN01CC2C-7\CAD99C1S,1453 ; CAD_MODELLO ; dbo ; WL1_ANTB97
DB ; sql ; CONTROLLI_A_DISTANZA ; IN01CC2C-7\CAD99C1S,1453 ; CAD_MODELLO ; dbo ; WL1_ANTICIPO_FATTURE
DB ; sql ; CONTROLLI_A_DISTANZA ; IN01CC2C-7\CAD99C1S,1453 ; CAD_MODELLO ; dbo ; WL1_ASEMESSI
DB ; sql ; CONTROLLI_A_DISTANZA ; IN01CC2C-7\CAD99C1S,1453 ; CAD_MODELLO ; dbo ; WL1_BONIFICI
DB ; sql ; CONTROLLI_A_DISTANZA ; IN01CC2C-7\CAD99C1S,1453 ; CAD_MODELLO ; dbo ; WL1_CARTINFO
DB ; sql ; CONTROLLI_A_DISTANZA ; IN01CC2C-7\CAD99C1S,1453 ; CAD_MODELLO ; dbo ; WL1_CASSETTE
DB ; sql ; CONTROLLI_A_DISTANZA ; IN01CC2C-7\CAD99C1S,1453 ; CAD_MODELLO ; dbo ; WL1_DOSSIER
DB ; sql ; CONTROLLI_A_DISTANZA ; IN01CC2C-7\CAD99C1S,1453 ; CAD_MODELLO ; dbo ; WL1_EFFETTI_CIFRA_TONDA
DB ; sql ; CONTROLLI_A_DISTANZA ; IN01CC2C-7\CAD99C1S,1453 ; CAD_MODELLO ; dbo ; WL1_ENTE_EMITTENTE
DB ; sql ; CONTROLLI_A_DISTANZA ; IN01CC2C-7\CAD99C1S,1453 ; CAD_MODELLO ; dbo ; WL1_EVENTI_TITOLI
DB ; sql ; CONTROLLI_A_DISTANZA ; IN01CC2C-7\CAD99C1S,1453 ; CAD_MODELLO ; dbo ; WL1_ICCINC
DB ; sql ; CONTROLLI_A_DISTANZA ; IN01CC2C-7\CAD99C1S,1453 ; CAD_MODELLO ; dbo ; WL1_INCAS_001
DB ; sql ; CONTROLLI_A_DISTANZA ; IN01CC2C-7\CAD99C1S,1453 ; CAD_MODELLO ; dbo ; WL1_INCAS_173
DB ; sql ; CONTROLLI_A_DISTANZA ; IN01CC2C-7\CAD99C1S,1453 ; CAD_MODELLO ; dbo ; WL1_MANDATI_GPM
DB ; sql ; CONTROLLI_A_DISTANZA ; IN01CC2C-7\CAD99C1S,1453 ; CAD_MODELLO ; dbo ; WL1_MANDATI_GPM_NEW_FILE
DB ; sql ; CONTROLLI_A_DISTANZA ; IN01CC2C-7\CAD99C1S,1453 ; CAD_MODELLO ; dbo ; WL1_MOVIMENTI_SPORTELLO
DB ; sql ; CONTROLLI_A_DISTANZA ; IN01CC2C-7\CAD99C1S,1453 ; CAD_MODELLO ; dbo ; WL1_MOVIMNTI_SPORTELLO_REDIVEN
DB ; sql ; CONTROLLI_A_DISTANZA ; IN01CC2C-7\CAD99C1S,1453 ; CAD_MODELLO ; dbo ; WL1_MOVIMENTI_TITOLI_NEGOZIAZIONE
DB ; sql ; CONTROLLI_A_DISTANZA ; IN01CC2C-7\CAD99C1S,1453 ; CAD_MODELLO ; dbo ; WL1_ORDINI_TITOLI_NEGOZIAZIONE
DB ; sql ; CONTROLLI_A_DISTANZA ; IN01CC2C-7\CAD99C1S,1453 ; CAD_MODELLO ; dbo ; WL1_PUNTEGGIO_GIANOS
DB ; sql ; CONTROLLI_A_DISTANZA ; IN01CC2C-7\CAD99C1S,1453 ; CAD_MODELLO ; dbo ; WL1_PUNTEGGIO_GIANOS_GIORNALIERO
DB ; sql ; CONTROLLI_A_DISTANZA ; IN01CC2C-7\CAD99C1S,1453 ; CAD_MODELLO ; dbo ; WL1_RAPPORTO
DB ; sql ; CONTROLLI_A_DISTANZA ; IN01CC2C-7\CAD99C1S,1453 ; CAD_MODELLO ; dbo ; WL1_SOSPESI_CONTABILITA_APERTI
DB ; sql ; CONTROLLI_A_DISTANZA ; IN01CC2C-7\CAD99C1S,1453 ; CAD_MODELLO ; dbo ; WL1_SOSPESI_CONTABILITA_PAREGGIATI
DB ; sql ; CONTROLLI_A_DISTANZA ; IN01CC2C-7\CAD99C1S,1453 ; CAD_MODELLO ; dbo ; WL1_TITOLO
DB ; ora ; FABBRICA_PRODOTTI ; in01dc2x:1531/BPM99S1O   ; BPM99S1O ; JBPM_NV ; NV_CARTELLA
DB ; ora ; FABBRICA_PRODOTTI ; in01dc2x:1531/BPM99S1O   ; BPM99S1O ; JBPM_NV ; NV_PARTECIPANTE
DB ; ora ; FABBRICA_PRODOTTI ; in01dc2x:1531/BPM99S1O   ; BPM99S1O ; JBPM_NV ; NV_PRENOTAZIONE_AMBIENTE
DB ; ora ; FABBRICA_PRODOTTI ; in01dc2x:1523/BPM99C1O   ; BPM99C1O ; JBPM_NV ; NV_CARTELLA
DB ; ora ; FABBRICA_PRODOTTI ; in01dc2x:1523/BPM99C1O   ; BPM99C1O ; JBPM_NV ; NV_PARTECIPANTE
DB ; ora ; FABBRICA_PRODOTTI ; in01dc2x:1523/BPM99C1O   ; BPM99C1O ; JBPM_NV ; NV_PRENOTAZIONE_AMBIENTE
DB ; sql ; FABBRICA_PRODOTTI ; IN01CC2C-4\CNS99S3S,1643 ; Pricing2018 ; dbo ; LOG_SIMULAZIONE
DB ; sql ; FABBRICA_PRODOTTI ; IN01CC2C-4\CNS99S3S,1643 ; Pricing2018 ; dbo ; TS_SIM_ALLEGATO
DB ; sql ; FABBRICA_PRODOTTI ; IN01CC2C-4\CNS99S3S,1643 ; Pricing2018 ; dbo ; TS_SIM_ANAGRAFE
DB ; sql ; FABBRICA_PRODOTTI ; IN01CC2C-3\CNS99C3S,1633 ; Pricing2018 ; dbo ; LOG_SIMULAZIONE
DB ; sql ; FABBRICA_PRODOTTI ; IN01CC2C-3\CNS99C3S,1633 ; Pricing2018 ; dbo ; TS_SIM_ALLEGATO
DB ; sql ; FABBRICA_PRODOTTI ; IN01CC2C-3\CNS99C3S,1633 ; Pricing2018 ; dbo ; TS_SIM_ANAGRAFE
DB ; sql ; FABBRICA_PRODOTTI ; IN01CC2C-4\CNS99S3S,1643 ; QUESTIONARIOPOG ; dbo ; LOG_SIMULAZIONE
DB ; sql ; FABBRICA_PRODOTTI ; IN01CC2C-4\CNS99S3S,1643 ; QUESTIONARIOPOG ; dbo ; TS_SIM_ALLEGATO
DB ; sql ; FABBRICA_PRODOTTI ; IN01CC2C-4\CNS99S3S,1643 ; QUESTIONARIOPOG ; dbo ; TS_SIM_ANAGRAFE
DB ; sql ; FABBRICA_PRODOTTI ; IN01CC2C-3\CNS99C3S,1633 ; QUESTIONARIOPOG ; dbo ; LOG_SIMULAZIONE
DB ; sql ; FABBRICA_PRODOTTI ; IN01CC2C-3\CNS99C3S,1633 ; QUESTIONARIOPOG ; dbo ; TS_SIM_ALLEGATO
DB ; sql ; FABBRICA_PRODOTTI ; IN01CC2C-3\CNS99C3S,1633 ; QUESTIONARIOPOG ; dbo ; TS_SIM_ANAGRAFE
DB ; ora ; GARANTE_II_TRACCIATURA_OPERATIVITA ; DG01DC2x:1522/DGA99C1O ; DGA99C1O ; DGA99C1O ; FT_GARANTE
DB ; ora ; GARANTE_II_TRACCIATURA_OPERATIVITA ; DG01DC2x:1522/DGA99C1O ; DGA99C1O ; DGA99C1O ; FT_GARANTE
DB ; ora ; GARANTE_II_TRACCIATURA_OPERATIVITA ; DG01DC2x:1522/DGA99C1O ; DGA99C1O ; DGA99C1O ; ANAG_CLIENTI
DB ; ora ; GARANTE_II_TRACCIATURA_OPERATIVITA ; DG01DC2x:1522/DGA99C1O ; DGA99C1O ; DGA99C1O ; ANAG_CLIENTI_OLD
DB ; ora ; GARANTE_II_TRACCIATURA_OPERATIVITA ; DG01DC2x:1522/DGA99C1O ; DGA99C1O ; DGA99C1O ; ANAG_CLIENTI_BMED_TMP
DB ; ora ; GARANTE_II_TRACCIATURA_OPERATIVITA ; DG01DC2x:1522/DGA99C1O ; DGA99C1O ; DGA99C1O ; ANAG_OPERATORI
DB ; ora ; GARANTE_II_TRACCIATURA_OPERATIVITA ; DG01DC2x:1522/DGA99C1O ; DGA99C1O ; DGA99C1O ; ANAG_OPERATORI_DBANK
DB ; ora ; GARANTE_II_TRACCIATURA_OPERATIVITA ; DG01DC2x:1522/DGA99C1O ; DGA99C1O ; DGA99C1O ; ANAG_OPERATORI_DBANK_MICRO
DB ; ora ; GARANTE_II_TRACCIATURA_OPERATIVITA ; DG01DC2x:1522/DGA99C1O ; DGA99C1O ; DGA99C1O ; ANAG_OPERATORI_NEW
DB ; ora ; GARANTE_II_TRACCIATURA_OPERATIVITA ; DG01DC2x:1522/DGA99C1O ; DGA99C1O ; DGA99C1O ; ANAG_OPERATORI_OLD
DB ; ora ; GARANTE_II_TRACCIATURA_OPERATIVITA ; DG01DC2x:1522/DGA99C1O ; DGA99C1O ; DGA99C1O ; ANAG_RUBRICA
DB ; ora ; GARANTE_II_TRACCIATURA_OPERATIVITA ; DG01DC2x:1522/DGA99C1O ; DGA99C1O ; DGA99C1O ; CLIENTI_DESIO
DB ; ora ; GARANTE_II_TRACCIATURA_OPERATIVITA ; DG01DC2x:1522/DGA99C1O ; DGA99C1O ; DGA99C1O ; GE_ANAG_CLIENTI
DB ; ora ; GARANTE_II_TRACCIATURA_OPERATIVITA ; DG01DC2x:1522/DGA99C1O ; DGA99C1O ; DGA99C1O ; ODS_ANAG_CLIENTI
DB ; ora ; GARANTE_II_TRACCIATURA_OPERATIVITA ; DG01DC2x:1522/DGA99C1O ; DGA99C1O ; DGA99C1O ; ODS_CLIENTI_DB202
DB ; ora ; GARANTE_II_TRACCIATURA_OPERATIVITA ; DG01DC2x:1522/DGA99C1O ; DGA99C1O ; DGA99C1O ; STG_IN1028_DWH_CCR
DB ; ora ; GARANTE_II_TRACCIATURA_OPERATIVITA ; DG01DC2x:1522/DGA99C1O ; DGA99C1O ; DGA99C1O ; STG_IN1049_CARDS_KCCS
DB ; ora ; GARANTE_II_TRACCIATURA_OPERATIVITA ; DG01DC2x:1522/DGA99C1O ; DGA99C1O ; DGA99C1O ; STG_IN109_FF_SALES_NETWORK
DB ; ora ; GARANTE_II_TRACCIATURA_OPERATIVITA ; DG01DC2x:1522/DGA99C1O ; DGA99C1O ; DGA99C1O ; STG_IN175_FF
DB ; ora ; GARANTE_II_TRACCIATURA_OPERATIVITA ; DG01DC2x:1522/DGA99C1O ; DGA99C1O ; DGA99C1O ; STG_IN249_SPRINT_COLLECTION
DB ; ora ; GARANTE_II_TRACCIATURA_OPERATIVITA ; DG01DC2x:1522/DGA99C1O ; DGA99C1O ; DGA99C1O ; STG_IN837_EASYCRED_DDCR
DB ; ora ; GARANTE_II_TRACCIATURA_OPERATIVITA ; DG01DC2x:1522/DGA99C1O ; DGA99C1O ; DGA99C1O ; USERIDENTITY
DB ; ora ; GARANTE_II_TRACCIATURA_OPERATIVITA ; DG01DC2x:1522/DGA99C1O ; DGA99C1O ; DGA99C1O ; V_DD_TRASCODIFICA_CF_NDG
DB ; ora ; HOME_BANKING ; 10.77.252.73:1521/HBK99S1O ; HBK99S1O ; HBK99S1O ; CONTRATTI_ATTUALI
DB ; ora ; HOME_BANKING ; 10.77.252.73:1521/HBK99S1O ; HBK99S1O ; HBK99S1O ; CONTRATTI_ARCHIVIO
DB ; ora ; HOME_BANKING ; 10.77.252.73:1521/HBK99S1O ; HBK99S1O ; HBK99S1O ; RUBRICA
DB ; ora ; HOME_BANKING ; 10.77.252.73:1521/HBK99S1O ; HBK99S1O ; HBK99S1O ; BONIFICO_ESTERO
DB ; ora ; HOME_BANKING ; 10.77.252.73:1521/HBK99S1O ; HBK99S1O ; HBK99S1O ; BONIFICO_ESTERO_CONTROVALORE
DB ; ora ; HOME_BANKING ; 10.77.252.73:1521/HBK99S1O ; HBK99S1O ; HBK99S1O ; BONIFICO_ESTERO_OUTPUT
DB ; ora ; HOME_BANKING ; 10.77.252.73:1521/HBK99S1O ; HBK99S1O ; HBK99S1O ; BONIFICO_ITA
DB ; ora ; HOME_BANKING ; 10.77.252.73:1521/HBK99S1O ; HBK99S1O ; HBK99S1O ; BONIFICO_OUTPUT
DB ; ora ; HOME_BANKING ; 10.77.252.73:1521/HBK99S1O ; HBK99S1O ; HBK99S1O ; BONIFICO_SEPA
DB ; ora ; HOME_BANKING ; 10.77.252.73:1521/HBK99S1O ; HBK99S1O ; HBK99S1O ; ONECLICK_BONIFICO_SEPA
DB ; ora ; HOME_BANKING ; 10.77.252.73:1521/HBK99S1O ; HBK99S1O ; HBK99S1O ; ONECLICK_OPERAZIONI
DB ; ora ; HOME_BANKING ; 10.77.252.73:1521/HBK99S1O ; HBK99S1O ; HBK99S1O ; ONECLICK_RICARICA_CELLULARE
DB ; ora ; HOME_BANKING ; 10.77.252.73:1521/HBK99S1O ; HBK99S1O ; HBK99S1O ; ONECLICK_SUDTIROLPASS
DB ; ora ; HOME_BANKING ; 10.77.252.73:1521/HBK99S1O ; HBK99S1O ; HBK99S1O ; FILIALEVIRTUALE_RICHIESTA_NEW
DB ; ora ; HOME_BANKING ; 10.77.252.73:1521/HBK99S1O ; HBK99S1O ; HBK99S1O ; FILIALEVIRTUALE_RICHIESTE
DB ; ora ; HOME_BANKING ; 10.77.252.73:1521/HBK99S1O ; HBK99S1O ; HBK99S1O ; AUDITING3
DB ; ora ; HOME_BANKING ; 10.77.252.73:1521/HBK99S1O ; HBK99S1O ; HBK99S1O ; GATEWAY_LOG_HTTP4
DB ; ora ; HOME_BANKING ; 10.77.252.73:1521/HBK99S1O ; HBK99S1O ; HBK99S1O ; GATEWAY_LOG_WS4
DB ; ora ; HOME_BANKING ; 10.100.8.220:1521/HBK99C1O ; HBK99C1O ; HBK99C1O ; CONTRATTI_ATTUALI
DB ; ora ; HOME_BANKING ; 10.100.8.220:1521/HBK99C1O ; HBK99C1O ; HBK99C1O ; CONTRATTI_ARCHIVIO
DB ; ora ; HOME_BANKING ; 10.100.8.220:1521/HBK99C1O ; HBK99C1O ; HBK99C1O ; RUBRICA
DB ; ora ; HOME_BANKING ; 10.100.8.220:1521/HBK99C1O ; HBK99C1O ; HBK99C1O ; BONIFICO_ESTERO
DB ; ora ; HOME_BANKING ; 10.100.8.220:1521/HBK99C1O ; HBK99C1O ; HBK99C1O ; BONIFICO_ESTERO_CONTROVALORE
DB ; ora ; HOME_BANKING ; 10.100.8.220:1521/HBK99C1O ; HBK99C1O ; HBK99C1O ; BONIFICO_ESTERO_OUTPUT
DB ; ora ; HOME_BANKING ; 10.100.8.220:1521/HBK99C1O ; HBK99C1O ; HBK99C1O ; BONIFICO_ITA
DB ; ora ; HOME_BANKING ; 10.100.8.220:1521/HBK99C1O ; HBK99C1O ; HBK99C1O ; BONIFICO_OUTPUT
DB ; ora ; HOME_BANKING ; 10.100.8.220:1521/HBK99C1O ; HBK99C1O ; HBK99C1O ; BONIFICO_SEPA
DB ; ora ; HOME_BANKING ; 10.100.8.220:1521/HBK99C1O ; HBK99C1O ; HBK99C1O ; ONECLICK_BONIFICO_SEPA
DB ; ora ; HOME_BANKING ; 10.100.8.220:1521/HBK99C1O ; HBK99C1O ; HBK99C1O ; ONECLICK_OPERAZIONI
DB ; ora ; HOME_BANKING ; 10.100.8.220:1521/HBK99C1O ; HBK99C1O ; HBK99C1O ; ONECLICK_RICARICA_CELLULARE
DB ; ora ; HOME_BANKING ; 10.100.8.220:1521/HBK99C1O ; HBK99C1O ; HBK99C1O ; ONECLICK_SUDTIROLPASS
DB ; ora ; HOME_BANKING ; 10.100.8.220:1521/HBK99C1O ; HBK99C1O ; HBK99C1O ; FILIALEVIRTUALE_RICHIESTA_NEW
DB ; ora ; HOME_BANKING ; 10.100.8.220:1521/HBK99C1O ; HBK99C1O ; HBK99C1O ; FILIALEVIRTUALE_RICHIESTE
DB ; ora ; HOME_BANKING ; 10.100.8.220:1521/HBK99C1O ; HBK99C1O ; HBK99C1O ; AUDITING3
DB ; ora ; HOME_BANKING ; 10.100.8.220:1521/HBK99C1O ; HBK99C1O ; HBK99C1O ; GATEWAY_LOG_HTTP4
DB ; ora ; HOME_BANKING ; 10.100.8.220:1521/HBK99C1O ; HBK99C1O ; HBK99C1O ; GATEWAY_LOG_WS4
DB ; ora ; INTERNET_BANKING ; ibk99s1o:1555/IBK99S1O ; IBK99S1O ; APICANALI ; CONTRATTI_ATTUALI
DB ; ora ; INTERNET_BANKING ; ibk99s1o:1555/IBK99S1O ; IBK99S1O ; APICANALI ; CONTRATTI_STORICO
DB ; ora ; INTERNET_BANKING ; ibk99s1o:1555/IBK99S1O ; IBK99S1O ; APICANALI ; CONTATTO
DB ; ora ; INTERNET_BANKING ; ibk99s1o:1555/IBK99S1O ; IBK99S1O ; APICANALI ; CONTATTO_EMAIL
DB ; ora ; INTERNET_BANKING ; ibk99s1o:1555/IBK99S1O ; IBK99S1O ; APICANALI ; CONTATTO_IBAN
DB ; ora ; INTERNET_BANKING ; ibk99s1o:1555/IBK99S1O ; IBK99S1O ; APICANALI ; CONTATTO_MEZZO_TRASPORTO
DB ; ora ; INTERNET_BANKING ; ibk99s1o:1555/IBK99S1O ; IBK99S1O ; APICANALI ; CONTATTO_SUDTIROLPASS
DB ; ora ; INTERNET_BANKING ; ibk99s1o:1555/IBK99S1O ; IBK99S1O ; APICANALI ; CONTATTO_TELEFONO
DB ; ora ; INTERNET_BANKING ; ibk99s1o:1555/IBK99S1O ; IBK99S1O ; APICANALI ; BONIFICI_SEPA_INVIATI
DB ; ora ; INTERNET_BANKING ; ibk99s1o:1555/IBK99S1O ; IBK99S1O ; APICANALI ; BONIFICI_SEPA_DATI_FISC_ORD
DB ; ora ; INTERNET_BANKING ; ibk99s1o:1555/IBK99S1O ; IBK99S1O ; APICANALI ; BONIFICI_SEPA_DOR_PCDI
DB ; ora ; INTERNET_BANKING ; ibk99s1o:1555/IBK99S1O ; IBK99S1O ; APICANALI ; BONIFICI_ESTERI_INVIATI
DB ; ora ; INTERNET_BANKING ; ibk99s1o:1555/IBK99S1O ; IBK99S1O ; APICANALI ; FV_RICHIESTE_UTENTI
DB ; ora ; INTERNET_BANKING ; ibk99s1o:1555/IBK99S1O ; IBK99S1O ; APICANALI ; UTENTI_HELPDESK
DB ; ora ; INTERNET_BANKING ; ibk99s2o:1572/IBK99S2O ; IBK99S2O ; HOMEDB2 ; AUDITING3
DB ; ora ; INTERNET_BANKING ; ibk99s2o:1572/IBK99S2O ; IBK99S2O ; HOMEDB2 ; GATEWAY_LOG_HTTP4
DB ; ora ; INTERNET_BANKING ; ibk99s2o:1572/IBK99S2O ; IBK99S2O ; HOMEDB2 ; GATEWAY_LOG_WS4 
DB ; ora ; INTERNET_BANKING ; ibk99c1o:1559/IBK99C1O ; IBK99C1O ; APICANALI ; CONTRATTI_ATTUALI
DB ; ora ; INTERNET_BANKING ; ibk99c1o:1559/IBK99C1O ; IBK99C1O ; APICANALI ; CONTRATTI_STORICO
DB ; ora ; INTERNET_BANKING ; ibk99c1o:1559/IBK99C1O ; IBK99C1O ; APICANALI ; CONTATTO
DB ; ora ; INTERNET_BANKING ; ibk99c1o:1559/IBK99C1O ; IBK99C1O ; APICANALI ; CONTATTO_EMAIL
DB ; ora ; INTERNET_BANKING ; ibk99c1o:1559/IBK99C1O ; IBK99C1O ; APICANALI ; CONTATTO_IBAN
DB ; ora ; INTERNET_BANKING ; ibk99c1o:1559/IBK99C1O ; IBK99C1O ; APICANALI ; CONTATTO_MEZZO_TRASPORTO
DB ; ora ; INTERNET_BANKING ; ibk99c1o:1559/IBK99C1O ; IBK99C1O ; APICANALI ; CONTATTO_SUDTIROLPASS
DB ; ora ; INTERNET_BANKING ; ibk99c1o:1559/IBK99C1O ; IBK99C1O ; APICANALI ; CONTATTO_TELEFONO
DB ; ora ; INTERNET_BANKING ; ibk99c1o:1559/IBK99C1O ; IBK99C1O ; APICANALI ; BONIFICI_SEPA_INVIATI
DB ; ora ; INTERNET_BANKING ; ibk99c1o:1559/IBK99C1O ; IBK99C1O ; APICANALI ; BONIFICI_SEPA_DATI_FISC_ORD
DB ; ora ; INTERNET_BANKING ; ibk99c1o:1559/IBK99C1O ; IBK99C1O ; APICANALI ; BONIFICI_SEPA_DOR_PCDI
DB ; ora ; INTERNET_BANKING ; ibk99c1o:1559/IBK99C1O ; IBK99C1O ; APICANALI ; BONIFICI_ESTERI_INVIATI
DB ; ora ; INTERNET_BANKING ; ibk99c1o:1559/IBK99C1O ; IBK99C1O ; APICANALI ; FV_RICHIESTE_UTENTI
DB ; ora ; INTERNET_BANKING ; ibk99c1o:1559/IBK99C1O ; IBK99C1O ; APICANALI ; UTENTI_HELPDESK
DB ; ora ; INTERNET_BANKING ; ibk99c2o:1573/IBK99C2O ; IBK99C2O ; HOMEDB2 ; AUDITING3
DB ; ora ; INTERNET_BANKING ; ibk99c2o:1573/IBK99C2O ; IBK99C2O ; HOMEDB2 ; GATEWAY_LOG_HTTP4
DB ; ora ; INTERNET_BANKING ; ibk99c2o:1573/IBK99C2O ; IBK99C2O ; HOMEDB2 ; GATEWAY_LOG_WS4
DB ; ora ; MARKETING_UNICA ; 10.76.144.44:1570/IMK99S1O ; IMK99S1O ; IMK99S1O ; EMM_TARGET_LIST
DB ; ora ; MARKETING_UNICA ; 10.76.144.44:1570/IMK99S1O ; IMK99S1O ; IMK99S1O ; EMM_Attributi
DB ; ora ; MARKETING_UNICA ; 10.76.144.44:1570/IMK99S1O ; IMK99S1O ; IMK99S1O ; ESB_EMAIL_CONTACT
DB ; ora ; MARKETING_UNICA ; 10.76.144.44:1570/IMK99S1O ; IMK99S1O ; IMK99S1O ; ESB_SMS_CONTACT
DB ; ora ; MARKETING_UNICA ; 10.76.144.44:1570/IMK99S1O ; IMK99S1O ; IMK99S1O ; ESB_SELLIGENT_CONTACTS
DB ; ora ; MARKETING_UNICA ; 10.76.144.44:1570/IMK99S1O ; IMK99S1O ; IMK99S1O ; ESB_GENESYSCC_CONTACTS
DB ; ora ; MARKETING_UNICA ; 10.76.144.44:1570/IMK99S1O ; IMK99S1O ; IMK99S1O ; ESB_SMSENTERPRISE_CONTACTS
DB ; ora ; MARKETING_UNICA ; 10.76.144.44:1570/IMK99S1O ; IMK99S1O ; IMK99S1O ; ESB_IHB_CONTACTS
DB ; ora ; MARKETING_UNICA ; 10.76.144.44:1570/IMK99S1O ; IMK99S1O ; IMK99S1O ; ESB_IDMSERVICE_USERS                               
DB ; ora ; MARKETING_SNAP ; 10.77.244.122:1521/SNA99S2O ; SNA99S2O ; SNAP ; DM_ADDETTI
DB ; ora ; MARKETING_SNAP ; 10.77.244.122:1521/SNA99S2O ; SNA99S2O ; SNAP ; DM_CLIENTI
DB ; ora ; MARKETING_SNAP ; 10.77.244.122:1521/SNA99S2O ; SNA99S2O ; SNAP ; DM_GESTORI
DB ; ora ; MARKETING_SNAP ; 10.77.244.122:1521/SNA99S2O ; SNA99S2O ; SNAP ; DM_UTENTI
DB ; ora ; MARKETING_SNAP ; 10.76.146.27:1521/SNA99C2O  ; SNA99C2O ; SNAP ; DM_ADDETTI
DB ; ora ; MARKETING_SNAP ; 10.76.146.27:1521/SNA99C2O  ; SNA99C2O ; SNAP ; DM_CLIENTI
DB ; ora ; MARKETING_SNAP ; 10.76.146.27:1521/SNA99C2O  ; SNA99C2O ; SNAP ; DM_GESTORI
DB ; ora ; MARKETING_SNAP ; 10.76.146.27:1521/SNA99C2O  ; SNA99C2O ; SNAP ; DM_UTENTI
DB ; ora ; MOBILE_BANKING ; 10.77.252.73:1521/SES99S1O ; SES99S1O ; SERVIZIEXTRASI ; GATEWAY_LOG_WS3
DB ; ora ; MOBILE_BANKING ; 10.77.252.73:1521/SES99S1O ; SES99S1O ; SERVIZIEXTRASI ; GATEWAY_LOG_HTTP3
DB ; ora ; MOBILE_BANKING ; 10.77.252.73:1521/SES99S1O ; SES99S1O ; SERVIZIEXTRASI ; GATEWAY_LOG_XML3
DB ; ora ; MOBILE_BANKING ; 10.77.252.73:1521/SES99S1O ; SES99S1O ; SERVIZIEXTRASI ; LOGSECETI
DB ; ora ; MOBILE_BANKING ; 10.77.252.73:1521/SES99S1O ; SES99S1O ; SERVIZIEXTRASI ; MOVIMENTIPOS
DB ; ora ; MOBILE_BANKING ; 10.77.252.73:1521/SES99S1O ; SES99S1O ; SERVIZIEXTRASI ; RICARICA_CARTA
DB ; ora ; MOBILE_BANKING ; 10.77.252.73:1521/SES99S1O ; SES99S1O ; SERVIZIEXTRASI ; RICARICA_CELLULARE
DB ; ora ; MOBILE_BANKING ; 10.100.8.219:1522/SES99C1O ; SES99C1O ; SERVIZIEXTRASI ; GATEWAY_LOG_WS3
DB ; ora ; MOBILE_BANKING ; 10.100.8.219:1522/SES99C1O ; SES99C1O ; SERVIZIEXTRASI ; GATEWAY_LOG_HTTP3
DB ; ora ; MOBILE_BANKING ; 10.100.8.219:1522/SES99C1O ; SES99C1O ; SERVIZIEXTRASI ; GATEWAY_LOG_XML3
DB ; ora ; MOBILE_BANKING ; 10.100.8.219:1522/SES99C1O ; SES99C1O ; SERVIZIEXTRASI ; LOGSECETI
DB ; ora ; MOBILE_BANKING ; 10.100.8.219:1522/SES99C1O ; SES99C1O ; SERVIZIEXTRASI ; MOVIMENTIPOS
DB ; ora ; MOBILE_BANKING ; 10.100.8.219:1522/SES99C1O ; SES99C1O ; SERVIZIEXTRASI ; RICARICA_CARTA
DB ; ora ; MOBILE_BANKING ; 10.100.8.219:1522/SES99C1O ; SES99C1O ; SERVIZIEXTRASI ; RICARICA_CELLULARE
DB ; sql ; PUMA2_MATRIX ; 10.77.188.41\SDB99C1S,1533 ; SDBCNFG ; dbo ; SDBACCAN
DB ; sql ; PUMA2_MATRIX ; 10.77.188.41\SDB99C1S,1533 ; SDBCNFG ; dbo ; SDBAPRACC
DB ; sql ; PUMA2_MATRIX ; 10.77.188.41\SDB99C1S,1533 ; SDBDATI2003BI_088 ; dbo ; SDBACCAN
DB ; sql ; PUMA2_MATRIX ; 10.77.188.41\SDB99C1S,1533 ; SDBDATI2003BI_088 ; dbo ; SDBAPRACC
DB ; sql ; PUMA2_MATRIX ; 10.77.188.41\SDB99C1S,1533 ; SDBPUMA200300 ; dbo ; SDBACCAN
DB ; sql ; PUMA2_MATRIX ; 10.77.188.41\SDB99C1S,1533 ; SDBPUMA200300 ; dbo ; SDBAPRACC
DB ; sql ; SAP_SISTEMA_ACQUISTI ; SP02DC2C\SAP99C4S,1463 ; A91 ; a91 ; LFA1
DB ; sql ; SAP_SISTEMA_ACQUISTI ; SP02DC2C\SAP99C4S,1463 ; A91 ; a91 ; KNA1
DB ; sql ; SAP_SISTEMA_ACQUISTI ; SP02DC2C\SAP99C4S,1463 ; A91 ; a91 ; ADRC
DB ; sql ; SAP_SISTEMA_ACQUISTI ; SP02DC2C\SAP99C4S,1463 ; A91 ; a91 ; ADR2
DB ; sql ; SAP_SISTEMA_ACQUISTI ; SP02DC2C\SAP99C4S,1463 ; A91 ; a91 ; ADR6
DB ; sql ; SAP_SISTEMA_ACQUISTI ; SP02DC2C\SAP99C4S,1463 ; A91 ; a91 ; CDPOS
DB ; sql ; SAP_SISTEMA_ACQUISTI ; SP02DC2C\SAP99C4S,1463 ; A91 ; a91 ; ZAT811A
DB ; sql ; SAP_SISTEMA_ACQUISTI ; SP02DC2C\SAP99S4S,1453 ; A11 ; a11 ; LFA1
DB ; sql ; SAP_SISTEMA_ACQUISTI ; SP02DC2C\SAP99S4S,1453 ; A11 ; a11 ; KNA1
DB ; sql ; SAP_SISTEMA_ACQUISTI ; SP02DC2C\SAP99S4S,1453 ; A11 ; a11 ; ADRC
DB ; sql ; SAP_SISTEMA_ACQUISTI ; SP02DC2C\SAP99S4S,1453 ; A11 ; a11 ; ADR2
DB ; sql ; SAP_SISTEMA_ACQUISTI ; SP02DC2C\SAP99S4S,1453 ; A11 ; a11 ; ADR6
DB ; sql ; SAP_SISTEMA_ACQUISTI ; SP02DC2C\SAP99S4S,1453 ; A11 ; a11 ; CDPOS
DB ; sql ; SAP_SISTEMA_ACQUISTI ; SP02DC2C\SAP99S4S,1453 ; A11 ; a11 ; ZAT811A
DB ; ora ; SERVIZI_TELEMATICI_GESTORE_PUNTO_ACCESSO; 10.130.242.58:1532/CBS99C1O ; CBS99C1O ; CBS99C1O ; PACCHETTI_XML
DB ; ora ; SERVIZI_TELEMATICI_CO_RE_BANKING ; 10.77.188.98:1525/CBC99S3O  ; CBC99S3O  ; COREDB ;AZIENDE
DB ; ora ; SERVIZI_TELEMATICI_CO_RE_BANKING ; 10.77.188.98:1525/CBC99S3O  ; CBC99S3O  ; COREDB ;UTENTI
DB ; ora ; SERVIZI_TELEMATICI_CO_RE_BANKING ; 10.77.188.63:1521/CBC99S10  ; CBC99S10  ; COREDBSVL ;AZIENDE
DB ; ora ; SERVIZI_TELEMATICI_CO_RE_BANKING ; 10.77.188.63:1521/CBC99S10  ; CBC99S10  ; COREDBSVL ;UTENTI
DB ; ora ; SERVIZI_TELEMATICI_CO_RE_BANKING ; 10.77.188.103:1526/CBC99C3O ; CBC99C3O  ; COREDB ;AZIENDE
DB ; ora ; SERVIZI_TELEMATICI_CO_RE_BANKING ; 10.77.188.103:1526/CBC99C3O ; CBC99C3O  ; COREDB ;UTENTI
DB ; sql ; C_BOX_MESSAGGISTICA_SWIFT_FONDI ; IN03DA2C\CNS99S1S,1633 ; SiT2S ; dbo ; T2SFTT15
DB ; sql ; C_BOX_MESSAGGISTICA_SWIFT_FONDI ; IN03DA2C\CNS99S1S,1633 ; SiT2S ; dbo ; T2SFTT95
DB ; sql ; C_BOX_MESSAGGISTICA_SWIFT_FONDI ; IN03DA2C\CNS99S1S,1633 ; SiT2S ; dbo ; T2SFTT01
DB ; sql ; C_BOX_MESSAGGISTICA_SWIFT_FONDI ; IN03DA2C\CNS99S1S,1633 ; SiT2S ; dbo ; T2SFTT89
DB ; ora ; GESTIONE_MESSAGGISTICA_CENTRALE_RISCHI ; gcw99s1o:1526/GCW99S1O ; GGCW99S1O ; GGCW99S1O ; T_UTENTI
DB ; sql ; BN_SiCAF ; b101dc2c\BON99C1S,1433 ; SiCAFIS ; dbo ; WCAF_PRA
